-- db 생성
CREATE DATABASE rental_car;

-- 더미데이터 추가

USE rental_car;

-- Customer

INSERT INTO Customer (user_id, user_name, user_phone) VALUES
  (1001, '송예슬', '010-5738-1492'),
  (1002, '전태양', '010-4440-5215'),
  (1003, '이시우', '010-7163-3196'),
  (1004, '박정우', '010-1124-9558'),
  (1005, '윤민준', '010-2190-3619'),
  (1006, '전민서', '010-7582-6708'),
  (1007, '송다은', '010-2108-7576'),
  (1008, '김나연', '010-5584-8025'),
  (1009, '류수아', '010-5561-2830'),
  (1010, '전하은', '010-6065-3119'),
  (1011, '임다은', '010-6107-5129'),
  (1012, '안지호', '010-3266-4984'),
  (1013, '한수아', '010-1470-7712'),
  (1014, '안지아', '010-3934-9580'),
  (1015, '강하은', '010-6427-9406'),
  (1016, '권성현', '010-6443-9519'),
  (1017, '한지호', '010-1331-2683'),
  (1018, '황다은', '010-8956-5285'),
  (1019, '황준서', '010-5187-3784'),
  (1020, '강보민', '010-4062-9395'),
  (1021, '임채원', '010-4694-4495'),
  (1022, '황유진', '010-8073-5906'),
  (1023, '안시우', '010-7263-5938'),
  (1024, '황유진', '010-6084-9485'),
  (1025, '정상훈', '010-3599-5848'),
  (1026, '안진호', '010-6255-1335'),
  (1027, '조수아', '010-6482-1535'),
  (1028, '류재원', '010-5158-7418'),
  (1029, '송서연', '010-8253-1109'),
  (1030, '정보민', '010-9134-7110');

-- spot

INSERT INTO spot (spot_no, spot_name, spot_location) VALUES
  (1, '서울강남지점', '서울특별시 강남구 테헤란로 152'),
  (2, '서울홍대지점', '서울특별시 마포구 양화로 188'),
  (3, '서울종로지점', '서울특별시 종로구 종로 1'),
  (4, '서울여의도지점', '서울특별시 영등포구 여의대로 24'),
  (5, '서울잠실지점', '서울특별시 송파구 올림픽로 240'),
  (6, '서울신촌지점', '서울특별시 서대문구 신촌로 83'),
  (7, '서울이태원지점', '서울특별시 용산구 이태원로 177'),
  (8, '서울건대지점', '서울특별시 광진구 능동로 120'),
  (9, '부산해운대지점', '부산광역시 해운대구 해운대해변로 264'),
  (10, '부산서면지점', '부산광역시 부산진구 서면문화로 27'),
  (11, '부산남포지점', '부산광역시 중구 광복로 57'),
  (12, '대구동성로지점', '대구광역시 중구 동성로 52'),
  (13, '대구수성지점', '대구광역시 수성구 동대구로 310'),
  (14, '인천공항지점', '인천광역시 중구 공항로 272'),
  (15, '인천부평지점', '인천광역시 부평구 부평대로 168'),
  (16, '광주상무지점', '광주광역시 서구 상무중앙로 110'),
  (17, '광주충장지점', '광주광역시 동구 충장로 73'),
  (18, '대전둔산지점', '대전광역시 서구 둔산로 100'),
  (19, '대전유성지점', '대전광역시 유성구 대학로 99'),
  (20, '울산삼산지점', '울산광역시 남구 삼산로 261');

-- manager

INSERT INTO manager (manager_id, manager_name, manager_phno) VALUES
  (201, '류서연', '02-8026-8906'),
  (202, '류민준', '02-4376-8578'),
  (203, '황보민', '02-5546-3625'),
  (204, '이민서', '02-9029-6370'),
  (205, '박나연', '02-6917-1730'),
  (206, '신성현', '02-3272-6817'),
  (207, '서채원', '02-5646-5297'),
  (208, '권예진', '02-5966-6940'),
  (209, '정정우', '02-4922-8203'),
  (210, '전시우', '02-1725-1066'),
  (211, '윤현우', '02-4194-5962'),
  (212, '송유진', '02-4935-6150'),
  (213, '송정우', '02-8143-8700'),
  (214, '박태양', '02-6319-9223'),
  (215, '강보민', '02-4674-7764'),
  (216, '윤서연', '02-1520-9136'),
  (217, '임보민', '02-2180-9740'),
  (218, '박현우', '02-7298-7130'),
  (219, '전현우', '02-2850-2582'),
  (220, '권예진', '02-4128-6712');

-- car

INSERT INTO car (car_no, car_type, rental_availability, spot_no, daily_rental_fee) VALUES
  ('서울다5257', 'SUV', FALSE, 19, 55000),
  ('서울가7742', '경차', TRUE, 4, 55000),
  ('제주가8772', '전기차', FALSE, 14, 60000),
  ('부산가6192', '승합차', FALSE, 14, 40000),
  ('광주가9062', '경차', TRUE, 7, 100000),
  ('부산가1575', '세단', TRUE, 3, 60000),
  ('부산나5644', '승합차', FALSE, 6, 100000),
  ('서울나1382', '승합차', TRUE, 13, 60000),
  ('대전가4892', 'SUV', TRUE, 13, 100000),
  ('부산나5577', '세단', TRUE, 20, 90000),
  ('서울다5485', '전기차', TRUE, 6, 55000),
  ('인천가2983', '세단', TRUE, 12, 60000),
  ('서울나1849', '전기차', TRUE, 14, 55000),
  ('서울다2327', 'SUV', TRUE, 1, 80000),
  ('인천가8494', '전기차', TRUE, 7, 55000),
  ('서울나8458', '전기차', TRUE, 1, 40000),
  ('대전가2779', 'SUV', TRUE, 9, 40000),
  ('부산나1726', 'SUV', TRUE, 8, 95000),
  ('광주가1199', '세단', TRUE, 20, 95000),
  ('서울다6113', '세단', TRUE, 9, 40000),
  ('인천가2616', '세단', TRUE, 7, 60000),
  ('서울나5938', '세단', TRUE, 6, 55000),
  ('서울나8348', '경차', TRUE, 6, 60000),
  ('부산나7636', 'SUV', TRUE, 7, 80000),
  ('대전가5886', '세단', TRUE, 1, 65000),
  ('서울가7348', '승합차', TRUE, 13, 90000),
  ('서울나2091', '전기차', TRUE, 7, 35000),
  ('광주가2146', '전기차', TRUE, 8, 35000),
  ('서울다5548', '승합차', TRUE, 1, 35000),
  ('부산가4390', '전기차', TRUE, 8, 100000);

-- Rental

INSERT INTO Rental (rental_id, user_id, car_no) VALUES
  (5001, 1015, '서울다5257'),
  (5002, 1019, '서울가7742'),
  (5003, 1029, '제주가8772'),
  (5004, 1017, '부산가6192'),
  (5005, 1002, '광주가9062'),
  (5006, 1008, '부산가1575'),
  (5007, 1010, '부산나5644'),
  (5008, 1022, '서울나1382'),
  (5009, 1021, '대전가4892'),
  (5010, 1022, '부산나5577'),
  (5011, 1007, '서울다5485'),
  (5012, 1005, '인천가2983'),
  (5013, 1025, '서울나1849'),
  (5014, 1012, '서울다2327'),
  (5015, 1009, '인천가8494'),
  (5016, 1029, '서울나8458'),
  (5017, 1024, '대전가2779'),
  (5018, 1015, '부산나1726'),
  (5019, 1027, '광주가1199'),
  (5020, 1001, '서울다6113'),
  (5021, 1017, '인천가2616'),
  (5022, 1029, '서울나5938'),
  (5023, 1024, '서울나8348'),
  (5024, 1005, '부산나7636'),
  (5025, 1002, '대전가5886'),
  (5026, 1021, '서울가7348'),
  (5027, 1007, '서울나2091'),
  (5028, 1020, '광주가2146'),
  (5029, 1023, '서울다5548'),
  (5030, 1015, '부산가4390');
 

-- Rental_record

INSERT INTO Rental_record (rental_id, rental_spot, return_spot, rental_date, expected_return_date, actual_return_date, rental_state) VALUES
  (5001, 16, 8, '2024-05-16', '2024-05-22', '2024-05-24', '완료'),
  (5002, 5, 8, '2024-06-17', '2024-06-19', '2024-06-22', '완료'),
  (5003, 3, 12, '2024-03-19', '2024-03-25', '2024-03-26', '완료'),
  (5004, 8, 11, '2024-04-06', '2024-04-08', '2024-04-11', '완료'),
  (5005, 3, 9, '2024-11-07', '2024-11-14', '2024-11-13', '완료'),
  (5006, 13, 17, '2024-11-05', '2024-11-19', NULL, '진행중'),
  (5007, 18, 9, '2024-08-08', '2024-08-09', NULL, '진행중'),
  (5008, 3, 7, '2024-08-10', '2024-08-22', '2024-08-24', '완료'),
  (5009, 9, 9, '2024-12-20', '2024-12-30', '2025-01-02', '완료'),
  (5010, 7, NULL, '2024-09-30', '2024-10-10', NULL, '예약취소'),
  (5011, 20, 4, '2024-11-15', '2024-11-27', '2024-11-30', '완료'),
  (5012, 16, 16, '2024-08-06', '2024-08-15', '2024-08-15', '완료'),
  (5013, 16, 3, '2024-10-19', '2024-11-02', '2024-11-03', '완료'),
  (5014, 7, NULL, '2024-09-21', '2024-09-24', NULL, '예약취소'),
  (5015, 1, 14, '2024-10-27', '2024-11-07', '2024-11-10', '완료'),
  (5016, 20, 4, '2024-04-24', '2024-04-27', '2024-04-27', '완료'),
  (5017, 9, 2, '2024-07-11', '2024-07-24', NULL, '진행중'),
  (5018, 19, 3, '2024-09-22', '2024-09-23', '2024-09-23', '완료'),
  (5019, 7, 19, '2024-05-14', '2024-05-23', '2024-05-25', '완료'),
  (5020, 12, NULL, '2024-07-19', '2024-07-27', NULL, '예약취소'),
  (5021, 4, 1, '2024-07-04', '2024-07-05', '2024-07-04', '완료'),
  (5022, 15, 10, '2024-12-07', '2024-12-18', '2024-12-19', '완료'),
  (5023, 13, 17, '2024-06-26', '2024-07-05', '2024-07-07', '완료'),
  (5024, 3, 7, '2024-06-03', '2024-06-06', '2024-06-05', '완료'),
  (5025, 5, 2, '2024-02-15', '2024-02-16', NULL, '진행중'),
  (5026, 5, 15, '2024-01-16', '2024-01-21', '2024-01-22', '완료'),
  (5027, 1, NULL, '2024-04-01', '2024-04-10', NULL, '예약취소'),
  (5028, 19, 1, '2024-12-28', '2025-01-02', '2025-01-02', '완료'),
  (5029, 16, 5, '2024-07-25', '2024-08-01', NULL, '진행중'),
  (5030, 8, 6, '2024-01-14', '2024-01-23', '2024-01-24', '완료');